tags,data,stamps
2,0.01129150390625,1737571697.102
15,0.01129150390625,1737571697.102
4,0.395965576171875,1737571697.102
5,0.346527099609375,1737571697.102
6,0.37811279296875,1737571697.102
8,0.0225830078125,1737571697.102
9,0.01776123046875,1737571697.102
10,0.017608642578125,1737571697.102
11,241.594482421875,1737571697.102
12,226.5380859375,1737571697.102
13,351.7074279785156,1737571697.102
14,221.30584716796875,1737571697.102
1,27.636875,1737571697.102
3,-24.957312011718756,1737571697.102
7,2002.0,1737571697.102
16,-32.46001052856445,1737571697.102
17,-32.208221435546875,1737571697.102
2,-0.01129150390625,1737571697.169
15,-0.01129150390625,1737571697.169
4,0.393218994140625,1737571697.169
5,0.3460693359375,1737571697.169
6,0.379486083984375,1737571697.169
8,0.022552490234375,1737571697.169
9,0.01788330078125,1737571697.169
10,0.017913818359375,1737571697.169
11,242.154052734375,1737571697.169
12,226.55181884765625,1737571697.169
13,351.829833984375,1737571697.169
14,221.30584716796875,1737571697.169
1,27.618789062499996,1737571697.169
3,-24.984777832031256,1737571697.169
7,2002.0,1737571697.169
16,-32.46001052856445,1737571697.169
17,-32.21171951293945,1737571697.169
2,0.12969970703125,1737571697.235
15,0.12969970703125,1737571697.235
4,0.393218994140625,1737571697.235
5,0.342864990234375,1737571697.235
6,0.379486083984375,1737571697.235
8,0.02252197265625,1737571697.235
9,0.017852783203125,1737571697.235
10,0.018035888671875,1737571697.235
11,242.2939453125,1737571697.235
12,226.55181884765625,1737571697.235
13,351.829833984375,1737571697.235
14,221.30584716796875,1737571697.235
1,27.650439453124992,1737571697.235
3,-24.920690917968756,1737571697.235
7,2002.0,1737571697.235
16,-32.46001052856445,1737571697.236
17,-32.17499923706055,1737571697.236
2,0.01678466796875,1737571697.302
15,0.01678466796875,1737571697.302
4,0.396881103515625,1737571697.302
5,0.346527099609375,1737571697.302
6,0.3790283203125,1737571697.302
8,0.02227783203125,1737571697.302
9,0.017791748046875,1737571697.302
10,0.017730712890625,1737571697.302
11,241.78683471679688,1737571697.302
12,226.54495239257812,1737571697.302
13,351.7598876953125,1737571697.302
14,221.30584716796875,1737571697.302
1,27.623310546875,1737571697.302
3,-24.975622558593756,1737571697.302
7,2002.0,1737571697.302
16,-32.46001052856445,1737571697.302
17,-32.19947814941406,1737571697.302
2,0.0048828125,1737571698.102
15,0.0048828125,1737571698.102
4,0.39459228515625,1737571698.102
5,0.345611572265625,1737571698.102
6,0.37994384765625,1737571698.102
8,0.022613525390625,1737571698.102
9,0.017669677734375,1737571698.102
10,0.017913818359375,1737571698.102
11,242.154052734375,1737571698.102
12,226.55181884765625,1737571698.102
13,351.9522399902344,1737571698.102
14,221.30584716796875,1737571698.102
1,27.713740234375,1737571698.102
3,-24.920690917968756,1737571698.102
7,2002.0,1737571698.102
16,-32.46001052856445,1737571698.102
17,-32.16450881958008,1737571698.102
2,0.00213623046875,1737571698.168
15,0.00213623046875,1737571698.168
4,0.3936767578125,1737571698.168
5,0.346527099609375,1737571698.168
6,0.379486083984375,1737571698.168
8,0.022552490234375,1737571698.168
9,0.017730712890625,1737571698.168
10,0.01800537109375,1737571698.168
11,241.83929443359375,1737571698.168
12,226.55181884765625,1737571698.168
13,351.829833984375,1737571698.168
14,221.30584716796875,1737571698.168
1,27.641396484374997,1737571698.168
3,-24.975622558593756,1737571698.168
7,2002.0,1737571698.168
16,-32.46001052856445,1737571698.169
17,-32.19598388671875,1737571698.169
2,-0.0054931640625,1737571698.235
15,-0.0054931640625,1737571698.235
4,0.393218994140625,1737571698.235
5,0.3460693359375,1737571698.235
6,0.37811279296875,1737571698.235
8,0.02252197265625,1737571698.235
9,0.0177001953125,1737571698.235
10,0.01788330078125,1737571698.235
11,242.154052734375,1737571698.235
12,226.55181884765625,1737571698.235
13,351.7598876953125,1737571698.235
14,221.30584716796875,1737571698.235
1,27.609746093749994,1737571698.235
3,-24.980200195312506,1737571698.235
7,2002.0,1737571698.235
16,-32.46001052856445,1737571698.236
17,-32.23270034790039,1737571698.236
2,0.02197265625,1737571698.302
15,0.02197265625,1737571698.302
4,0.3955078125,1737571698.302
5,0.346527099609375,1737571698.302
6,0.37811279296875,1737571698.302
8,0.022552490234375,1737571698.302
9,0.0177001953125,1737571698.302
10,0.017913818359375,1737571698.302
11,241.9442138671875,1737571698.302
12,226.55181884765625,1737571698.302
13,351.7074279785156,1737571698.302
14,221.30584716796875,1737571698.302
1,27.632353515624995,1737571698.302
3,-25.007666015625006,1737571698.302
7,2002.0,1737571698.302
16,-32.46001052856445,1737571698.302
17,-32.166255950927734,1737571698.302
2,-0.15655517578125,1737571699.102
15,-0.15655517578125,1737571699.102
4,0.395050048828125,1737571699.102
5,0.34515380859375,1737571699.102
6,0.378570556640625,1737571699.102
8,0.022552490234375,1737571699.102
9,0.017791748046875,1737571699.102
10,0.017852783203125,1737571699.102
11,241.92672729492188,1737571699.102
12,226.55181884765625,1737571699.102
13,351.7773742675781,1737571699.102
14,221.30584716796875,1737571699.102
1,27.641396484374997,1737571699.102
3,-24.884069824218756,1737571699.102
7,2002.0,1737571699.102
16,-32.46001052856445,1737571699.102
17,-32.20472717285156,1737571699.102
2,0.001220703125,1737571699.168
15,0.001220703125,1737571699.168
4,0.394134521484375,1737571699.168
5,0.34515380859375,1737571699.168
6,0.3790283203125,1737571699.168
8,0.022674560546875,1737571699.168
9,0.01776123046875,1737571699.168
10,0.017852783203125,1737571699.168
11,242.25897216796875,1737571699.168
12,226.55181884765625,1737571699.168
13,351.8822937011719,1737571699.168
14,221.30584716796875,1737571699.168
1,27.614267578125,1737571699.168
3,-25.035131835937506,1737571699.168
7,2002.0,1737571699.168
16,-32.46001052856445,1737571699.169
17,-32.197731018066406,1737571699.169
2,0.00274658203125,1737571699.235
15,0.00274658203125,1737571699.235
4,0.394134521484375,1737571699.235
5,0.34515380859375,1737571699.235
6,0.38177490234375,1737571699.235
8,0.022613525390625,1737571699.235
9,0.017852783203125,1737571699.235
10,0.01788330078125,1737571699.235
11,242.10159301757812,1737571699.235
12,226.54495239257812,1737571699.235
13,351.7074279785156,1737571699.235
14,221.30584716796875,1737571699.235
1,27.609746093749994,1737571699.235
3,-25.369299316406256,1737571699.235
7,2002.0,1737571699.235
16,-32.46001052856445,1737571699.236
17,-32.2257080078125,1737571699.236
2,0.03631591796875,1737571699.302
15,0.03631591796875,1737571699.302
4,0.401458740234375,1737571699.302
5,0.34698486328125,1737571699.302
6,0.380859375,1737571699.302
8,0.022613525390625,1737571699.302
9,0.017608642578125,1737571699.302
10,0.0179443359375,1737571699.302
11,242.10159301757812,1737571699.302
12,226.54495239257812,1737571699.302
13,351.7074279785156,1737571699.302
14,221.30584716796875,1737571699.302
1,27.650439453124992,1737571699.302
3,-24.980200195312506,1737571699.302
7,2002.0,1737571699.302
16,-32.46001052856445,1737571699.302
17,-32.2099723815918,1737571699.302
2,-0.057373046875,1737571700.102
15,-0.057373046875,1737571700.102
4,0.3936767578125,1737571700.102
5,0.34515380859375,1737571700.102
6,0.378570556640625,1737571700.102
8,0.022613525390625,1737571700.102
9,0.017852783203125,1737571700.102
10,0.017852783203125,1737571700.102
11,242.13656616210938,1737571700.102
12,226.54495239257812,1737571700.102
13,351.7598876953125,1737571700.102
14,221.30584716796875,1737571700.102
1,27.62783203124999,1737571700.102
3,-24.989355468750006,1737571700.102
7,2002.0,1737571700.102
16,-32.46001052856445,1737571700.102
17,-32.218711853027344,1737571700.102
2,-0.00335693359375,1737571700.168
15,-0.00335693359375,1737571700.168
4,0.3936767578125,1737571700.168
5,0.34698486328125,1737571700.168
6,0.3790283203125,1737571700.168
8,0.0225830078125,1737571700.168
9,0.01788330078125,1737571700.168
10,0.017852783203125,1737571700.168
11,241.99667358398438,1737571700.168
12,226.54495239257812,1737571700.168
13,351.7598876953125,1737571700.168
14,221.30584716796875,1737571700.168
1,27.636875,1737571700.168
3,-24.948156738281256,1737571700.168
7,2002.0,1737571700.168
16,-32.46001052856445,1737571700.169
17,-32.201229095458984,1737571700.169
2,0.01312255859375,1737571700.235
15,0.01312255859375,1737571700.235
4,0.39276123046875,1737571700.235
5,0.347442626953125,1737571700.235
6,0.377197265625,1737571700.235
8,0.022613525390625,1737571700.235
9,0.017730712890625,1737571700.235
10,0.01788330078125,1737571700.235
11,242.20651245117188,1737571700.235
12,226.54495239257812,1737571700.235
13,351.6374816894531,1737571700.235
14,221.30584716796875,1737571700.235
1,27.632353515624995,1737571700.235
3,-25.012243652343756,1737571700.235
7,2002.0,1737571700.235
16,-32.46001052856445,1737571700.235
17,-32.21346664428711,1737571700.235
2,0.02197265625,1737571700.302
15,0.02197265625,1737571700.302
4,0.3936767578125,1737571700.302
5,0.349273681640625,1737571700.302
6,0.379486083984375,1737571700.302
8,0.02276611328125,1737571700.302
9,0.017852783203125,1737571700.302
10,0.01788330078125,1737571700.302
11,242.2939453125,1737571700.302
12,226.5380859375,1737571700.302
13,351.7074279785156,1737571700.302
14,221.30584716796875,1737571700.302
1,27.650439453124992,1737571700.302
3,-24.957312011718756,1737571700.302
7,2002.0,1737571700.302
16,-32.46001052856445,1737571700.302
17,-32.21521759033203,1737571700.302
2,0.01708984375,1737571701.101
15,0.01708984375,1737571701.101
4,0.386810302734375,1737571701.101
5,0.34332275390625,1737571701.101
6,0.379486083984375,1737571701.101
8,0.02288818359375,1737571701.101
9,0.01776123046875,1737571701.101
10,0.0179443359375,1737571701.101
11,241.90924072265625,1737571701.101
12,226.53121948242188,1737571701.101
13,351.7074279785156,1737571701.101
14,221.30584716796875,1737571701.101
1,27.641396484374997,1737571701.101
3,-25.158728027343756,1737571701.101
7,2002.0,1737571701.101
16,-32.46001052856445,1737571701.102
17,-32.21696472167969,1737571701.102
2,0.01220703125,1737571701.168
15,0.01220703125,1737571701.168
4,0.395965576171875,1737571701.168
5,0.34698486328125,1737571701.168
6,0.377197265625,1737571701.168
8,0.02252197265625,1737571701.168
9,0.01776123046875,1737571701.168
10,0.017852783203125,1737571701.168
11,242.04913330078125,1737571701.168
12,226.53121948242188,1737571701.168
13,351.829833984375,1737571701.168
14,221.30584716796875,1737571701.168
1,27.632353515624995,1737571701.168
3,-25.016821289062506,1737571701.168
7,2002.0,1737571701.168
16,-32.46001052856445,1737571701.169
17,-32.19248580932617,1737571701.169
2,0.0140380859375,1737571701.235
15,0.0140380859375,1737571701.235
4,0.39459228515625,1737571701.235
5,0.33966064453125,1737571701.235
6,0.379486083984375,1737571701.235
8,0.022705078125,1737571701.235
9,0.017791748046875,1737571701.235
10,0.017913818359375,1737571701.235
11,241.9442138671875,1737571701.235
12,226.53121948242188,1737571701.235
13,351.8822937011719,1737571701.235
14,221.30584716796875,1737571701.235
1,27.62783203124999,1737571701.235
3,-24.989355468750006,1737571701.235
7,2002.0,1737571701.235
16,-32.46001052856445,1737571701.235
17,-32.17499923706055,1737571701.235
2,0.01800537109375,1737571701.301
15,0.01800537109375,1737571701.301
4,0.394134521484375,1737571701.301
5,0.347442626953125,1737571701.301
6,0.3790283203125,1737571701.301
8,0.0225830078125,1737571701.301
9,0.017913818359375,1737571701.301
10,0.0179443359375,1737571701.301
11,242.11907958984375,1737571701.301
12,226.53121948242188,1737571701.301
13,351.8822937011719,1737571701.301
14,221.30584716796875,1737571701.301
1,27.618789062499996,1737571701.301
3,-24.989355468750006,1737571701.301
7,2002.0,1737571701.301
16,-32.46001052856445,1737571701.302
17,-32.23270034790039,1737571701.302
2,0.0982666015625,1737571702.101
15,0.0982666015625,1737571702.101
4,0.39093017578125,1737571702.101
5,0.344696044921875,1737571702.101
6,0.37628173828125,1737571702.101
8,0.022796630859375,1737571702.101
9,0.017669677734375,1737571702.101
10,0.017913818359375,1737571702.101
11,241.83929443359375,1737571702.101
12,226.53121948242188,1737571702.101
13,351.8822937011719,1737571702.101
14,221.30584716796875,1737571702.101
1,27.636875,1737571702.101
3,-24.975622558593756,1737571702.101
7,2002.0,1737571702.101
16,-32.46001052856445,1737571702.102
17,-32.21521759033203,1737571702.102
2,0.00579833984375,1737571702.168
15,0.00579833984375,1737571702.168
4,0.399169921875,1737571702.168
5,0.345611572265625,1737571702.168
6,0.37628173828125,1737571702.168
8,0.022674560546875,1737571702.168
9,0.017822265625,1737571702.168
10,0.01788330078125,1737571702.168
11,241.90924072265625,1737571702.168
12,226.53121948242188,1737571702.168
13,351.829833984375,1737571702.168
14,221.30584716796875,1737571702.168
1,27.623310546875,1737571702.168
3,-25.007666015625006,1737571702.168
7,2002.0,1737571702.168
16,-32.46001052856445,1737571702.169
17,-32.22220993041992,1737571702.169
2,-0.00244140625,1737571702.235
15,-0.00244140625,1737571702.235
4,0.391845703125,1737571702.235
5,0.347442626953125,1737571702.235
6,0.380859375,1737571702.235
8,0.02264404296875,1737571702.235
9,0.017913818359375,1737571702.235
10,0.01788330078125,1737571702.235
11,241.99667358398438,1737571702.235
12,226.53121948242188,1737571702.235
13,351.7598876953125,1737571702.235
14,221.30584716796875,1737571702.235
1,27.600703125,1737571702.235
3,-24.961889648437506,1737571702.235
7,2002.0,1737571702.235
16,-32.46001052856445,1737571702.235
17,-32.18724060058594,1737571702.235
2,-0.12420654296875,1737571702.301
15,-0.12420654296875,1737571702.301
4,0.395050048828125,1737571702.301
5,0.346527099609375,1737571702.301
6,0.3717041015625,1737571702.301
8,0.022430419921875,1737571702.301
9,0.017852783203125,1737571702.301
10,0.017913818359375,1737571702.301
11,241.62945556640625,1737571702.301
12,226.53121948242188,1737571702.301
13,351.829833984375,1737571702.301
14,221.30584716796875,1737571702.301
1,27.632353515624995,1737571702.301
3,-24.998510742187506,1737571702.301
7,2002.0,1737571702.301
16,-32.46001052856445,1737571702.302
17,-32.197731018066406,1737571702.302
2,-0.184326171875,1737571703.101
15,-0.184326171875,1737571703.101
4,0.395965576171875,1737571703.101
5,0.346527099609375,1737571703.101
6,0.385894775390625,1737571703.101
8,0.022674560546875,1737571703.101
9,0.017822265625,1737571703.101
10,0.01788330078125,1737571703.101
11,242.13656616210938,1737571703.101
12,226.54495239257812,1737571703.101
13,351.829833984375,1737571703.101
14,221.30584716796875,1737571703.101
1,27.614267578125,1737571703.101
3,-24.980200195312506,1737571703.101
7,2002.0,1737571703.101
16,-32.46001052856445,1737571703.102
17,-32.21346664428711,1737571703.102
2,-0.00152587890625,1737571703.168
15,-0.00152587890625,1737571703.168
4,0.394134521484375,1737571703.168
5,0.346527099609375,1737571703.168
6,0.379486083984375,1737571703.168
8,0.022613525390625,1737571703.168
9,0.01788330078125,1737571703.168
10,0.01751708984375,1737571703.168
11,241.90924072265625,1737571703.168
12,226.54495239257812,1737571703.168
13,351.7598876953125,1737571703.168
14,221.30584716796875,1737571703.168
1,27.62783203124999,1737571703.168
3,-24.989355468750006,1737571703.168
7,2002.0,1737571703.168
16,-32.46001052856445,1737571703.168
17,-32.20647430419922,1737571703.168
2,0.0006103515625,1737571703.235
15,0.0006103515625,1737571703.235
4,0.39459228515625,1737571703.235
5,0.3460693359375,1737571703.235
6,0.378570556640625,1737571703.235
8,0.022613525390625,1737571703.235
9,0.017913818359375,1737571703.235
10,0.017822265625,1737571703.235
11,241.96170043945312,1737571703.235
12,226.54495239257812,1737571703.235
13,351.829833984375,1737571703.235
14,221.30584716796875,1737571703.235
1,27.636875,1737571703.235
3,-24.980200195312506,1737571703.235
7,2002.0,1737571703.235
16,-32.46001052856445,1737571703.235
17,-32.25193405151367,1737571703.235
2,0.02166748046875,1737571703.301
15,0.02166748046875,1737571703.301
4,0.39459228515625,1737571703.301
5,0.34515380859375,1737571703.301
6,0.37994384765625,1737571703.301
8,0.022613525390625,1737571703.301
9,0.0179443359375,1737571703.301
10,0.017852783203125,1737571703.301
11,242.154052734375,1737571703.301
12,226.54495239257812,1737571703.301
13,351.7598876953125,1737571703.301
14,221.30584716796875,1737571703.301
1,27.614267578125,1737571703.301
3,-25.007666015625006,1737571703.301
7,2002.0,1737571703.301
16,-32.46001052856445,1737571703.302
17,-32.21171951293945,1737571703.302
2,-0.15655517578125,1737571704.101
15,-0.15655517578125,1737571704.101
4,0.3936767578125,1737571704.101
5,0.34698486328125,1737571704.101
6,0.3790283203125,1737571704.101
8,0.02252197265625,1737571704.101
9,0.017822265625,1737571704.101
10,0.018035888671875,1737571704.101
11,241.83929443359375,1737571704.101
12,226.54495239257812,1737571704.101
13,351.7074279785156,1737571704.101
14,221.30584716796875,1737571704.101
1,27.623310546875,1737571704.101
3,-24.989355468750006,1737571704.101
7,2002.0,1737571704.101
16,-32.46001052856445,1737571704.102
17,-32.243194580078125,1737571704.102
2,0.01190185546875,1737571704.168
15,0.01190185546875,1737571704.168
4,0.394134521484375,1737571704.168
5,0.34698486328125,1737571704.168
6,0.378570556640625,1737571704.168
8,0.02264404296875,1737571704.168
9,0.017822265625,1737571704.168
10,0.017791748046875,1737571704.168
11,242.10159301757812,1737571704.168
12,226.54495239257812,1737571704.168
13,351.829833984375,1737571704.168
14,221.30584716796875,1737571704.168
1,27.636875,1737571704.168
3,-25.025976562500006,1737571704.168
7,2002.0,1737571704.168
16,-32.46001052856445,1737571704.168
17,-32.23270034790039,1737571704.168
2,0.00732421875,1737571704.234
15,0.00732421875,1737571704.234
4,0.39459228515625,1737571704.234
5,0.346527099609375,1737571704.234
6,0.37811279296875,1737571704.234
8,0.022552490234375,1737571704.234
9,0.017791748046875,1737571704.234
10,0.0179443359375,1737571704.234
11,242.154052734375,1737571704.234
12,226.54495239257812,1737571704.234
13,351.6374816894531,1737571704.234
14,221.30584716796875,1737571704.234
1,27.641396484374997,1737571704.234
3,-24.971044921875006,1737571704.234
7,2002.0,1737571704.234
16,-32.46001052856445,1737571704.235
17,-32.19423294067383,1737571704.235
2,-0.15655517578125,1737571704.301
15,-0.15655517578125,1737571704.301
4,0.393218994140625,1737571704.301
5,0.347900390625,1737571704.301
6,0.376739501953125,1737571704.301
8,0.022552490234375,1737571704.301
9,0.017913818359375,1737571704.301
10,0.0179443359375,1737571704.301
11,242.25897216796875,1737571704.301
12,226.54495239257812,1737571704.301
13,351.7074279785156,1737571704.301
14,221.30584716796875,1737571704.301
1,27.623310546875,1737571704.301
3,-24.971044921875006,1737571704.301
7,2002.0,1737571704.301
16,-32.46001052856445,1737571704.302
17,-32.20297622680664,1737571704.302
2,-0.098876953125,1737571705.101
15,-0.098876953125,1737571705.101
4,0.3936767578125,1737571705.101
5,0.345611572265625,1737571705.101
6,0.3790283203125,1737571705.101
8,0.022613525390625,1737571705.101
9,0.01824951171875,1737571705.101
10,0.01788330078125,1737571705.101
11,241.90924072265625,1737571705.101
12,226.5380859375,1737571705.101
13,351.65496826171875,1737571705.101
14,221.30584716796875,1737571705.101
1,27.62783203124999,1737571705.101
3,-25.007666015625006,1737571705.101
7,2002.0,1737571705.101
16,-32.46001052856445,1737571705.102
17,-32.18374252319336,1737571705.102
2,-0.15655517578125,1737571705.168
15,-0.15655517578125,1737571705.168
4,0.39459228515625,1737571705.168
5,0.344696044921875,1737571705.168
6,0.379486083984375,1737571705.168
8,0.02264404296875,1737571705.168
9,0.01776123046875,1737571705.168
10,0.017913818359375,1737571705.168
11,242.04913330078125,1737571705.168
12,226.5380859375,1737571705.168
13,351.829833984375,1737571705.168
14,221.30584716796875,1737571705.168
1,27.645917968750002,1737571705.168
3,-24.993933105468756,1737571705.168
7,2002.0,1737571705.168
16,-32.46001052856445,1737571705.168
17,-32.23270034790039,1737571705.168
2,-0.15655517578125,1737571705.234
15,-0.15655517578125,1737571705.234
4,0.393218994140625,1737571705.234
5,0.348358154296875,1737571705.234
6,0.38177490234375,1737571705.234
8,0.022491455078125,1737571705.234
9,0.017852783203125,1737571705.234
10,0.0181884765625,1737571705.234
11,242.04913330078125,1737571705.234
12,226.5380859375,1737571705.234
13,351.7074279785156,1737571705.234
14,221.30584716796875,1737571705.234
1,27.650439453124992,1737571705.234
3,-24.989355468750006,1737571705.234
7,2002.0,1737571705.234
16,-32.46001052856445,1737571705.235
17,-32.208221435546875,1737571705.235
2,0.02410888671875,1737571705.301
15,0.02410888671875,1737571705.301
4,0.393218994140625,1737571705.301
5,0.344696044921875,1737571705.301
6,0.3790283203125,1737571705.301
8,0.022552490234375,1737571705.301
9,0.01800537109375,1737571705.301
10,0.017852783203125,1737571705.301
11,242.20651245117188,1737571705.301
12,226.5380859375,1737571705.301
13,351.7598876953125,1737571705.301
14,221.30584716796875,1737571705.301
1,27.618789062499996,1737571705.301
3,-24.993933105468756,1737571705.301
7,2002.0,1737571705.301
16,-32.46001052856445,1737571705.302
17,-32.197731018066406,1737571705.302
2,0.00579833984375,1737571706.101
15,0.00579833984375,1737571706.101
4,0.3936767578125,1737571706.101
5,0.34698486328125,1737571706.101
6,0.378570556640625,1737571706.101
8,0.02264404296875,1737571706.101
9,0.017822265625,1737571706.101
10,0.017974853515625,1737571706.101
11,241.9442138671875,1737571706.101
12,226.53121948242188,1737571706.101
13,351.7074279785156,1737571706.101
14,221.30584716796875,1737571706.101
1,27.650439453124992,1737571706.101
3,-24.971044921875006,1737571706.101
7,2002.0,1737571706.101
16,-32.46001052856445,1737571706.101
17,-32.23969650268555,1737571706.101
2,0.01068115234375,1737571706.168
15,0.01068115234375,1737571706.168
4,0.398712158203125,1737571706.168
5,0.344696044921875,1737571706.168
6,0.381317138671875,1737571706.168
8,0.022552490234375,1737571706.168
9,0.01776123046875,1737571706.168
10,0.017852783203125,1737571706.168
11,241.75186157226562,1737571706.168
12,226.53121948242188,1737571706.168
13,351.7074279785156,1737571706.168
14,221.30584716796875,1737571706.168
1,27.618789062499996,1737571706.168
3,-24.998510742187506,1737571706.168
7,2002.0,1737571706.168
16,-32.46001052856445,1737571706.168
17,-32.190738677978516,1737571706.168
2,-0.0286865234375,1737571706.234
15,-0.0286865234375,1737571706.234
4,0.392303466796875,1737571706.234
5,0.3460693359375,1737571706.234
6,0.378570556640625,1737571706.234
8,0.0223388671875,1737571706.234
9,0.018035888671875,1737571706.234
10,0.017852783203125,1737571706.234
11,241.85678100585938,1737571706.234
12,226.5380859375,1737571706.234
13,351.7598876953125,1737571706.234
14,221.30584716796875,1737571706.234
1,27.62783203124999,1737571706.234
3,-24.966467285156256,1737571706.234
7,2002.0,1737571706.234
16,-32.46001052856445,1737571706.235
17,-32.19423294067383,1737571706.235
2,0.00152587890625,1737571706.301
15,0.00152587890625,1737571706.301
4,0.39825439453125,1737571706.301
5,0.343780517578125,1737571706.301
6,0.376739501953125,1737571706.301
8,0.022613525390625,1737571706.301
9,0.017852783203125,1737571706.301
10,0.017974853515625,1737571706.301
11,242.2939453125,1737571706.301
12,226.5380859375,1737571706.301
13,351.7598876953125,1737571706.301
14,221.30584716796875,1737571706.301
1,27.62783203124999,1737571706.301
3,-24.998510742187506,1737571706.301
7,2002.0,1737571706.301
16,-32.46001052856445,1737571706.301
17,-32.18724060058594,1737571706.301
2,0.01617431640625,1737571707.101
15,0.01617431640625,1737571707.101
4,0.393218994140625,1737571707.101
5,0.346527099609375,1737571707.101
6,0.3753662109375,1737571707.101
8,0.022613525390625,1737571707.101
9,0.01776123046875,1737571707.101
10,0.01800537109375,1737571707.101
11,242.04913330078125,1737571707.101
12,226.53121948242188,1737571707.101
13,351.829833984375,1737571707.101
14,221.30584716796875,1737571707.101
1,27.650439453124992,1737571707.101
3,-24.971044921875006,1737571707.101
7,2002.0,1737571707.101
16,-32.46001052856445,1737571707.101
17,-32.230953216552734,1737571707.101
2,0.0067138671875,1737571707.167
15,0.0067138671875,1737571707.167
4,0.394134521484375,1737571707.167
5,0.3460693359375,1737571707.167
6,0.381317138671875,1737571707.167
8,0.02239990234375,1737571707.167
9,0.017730712890625,1737571707.167
10,0.018035888671875,1737571707.167
11,241.8043212890625,1737571707.167
12,226.53121948242188,1737571707.167
13,351.6374816894531,1737571707.167
14,221.30584716796875,1737571707.167
1,27.650439453124992,1737571707.167
3,-24.911535644531256,1737571707.167
7,2002.0,1737571707.167
16,-32.46001052856445,1737571707.168
17,-32.21521759033203,1737571707.168
2,-0.0067138671875,1737571707.234
15,-0.0067138671875,1737571707.234
4,0.391845703125,1737571707.234
5,0.347442626953125,1737571707.234
6,0.3790283203125,1737571707.234
8,0.022491455078125,1737571707.234
9,0.017791748046875,1737571707.234
10,0.01788330078125,1737571707.234
11,241.97918701171875,1737571707.234
12,226.5380859375,1737571707.234
13,351.7074279785156,1737571707.234
14,221.30584716796875,1737571707.234
1,27.62783203124999,1737571707.234
3,-24.957312011718756,1737571707.234
7,2002.0,1737571707.234
16,-32.46001052856445,1737571707.235
17,-32.24494171142578,1737571707.235
2,0.00213623046875,1737571707.301
15,0.00213623046875,1737571707.301
4,0.393218994140625,1737571707.301
5,0.346527099609375,1737571707.301
6,0.378570556640625,1737571707.301
8,0.022552490234375,1737571707.301
9,0.017730712890625,1737571707.301
10,0.0179443359375,1737571707.301
11,242.31143188476562,1737571707.301
12,226.5380859375,1737571707.301
13,351.829833984375,1737571707.301
14,221.30584716796875,1737571707.301
1,27.645917968750002,1737571707.301
3,-24.966467285156256,1737571707.301
7,2002.0,1737571707.301
16,-32.46001052856445,1737571707.301
17,-32.21696472167969,1737571707.301
2,-0.19317626953125,1737571708.101
15,-0.19317626953125,1737571708.101
4,0.392303466796875,1737571708.101
5,0.34515380859375,1737571708.101
6,0.380401611328125,1737571708.101
8,0.022613525390625,1737571708.101
9,0.01776123046875,1737571708.101
10,0.01776123046875,1737571708.101
11,241.54202270507812,1737571708.101
12,226.53121948242188,1737571708.101
13,351.7074279785156,1737571708.101
14,221.30584716796875,1737571708.101
1,27.632353515624995,1737571708.101
3,-24.678076171875006,1737571708.101
7,2002.0,1737571708.101
16,-32.46001052856445,1737571708.101
17,-32.21171951293945,1737571708.101
2,-0.15655517578125,1737571708.167
15,-0.15655517578125,1737571708.167
4,0.3955078125,1737571708.167
5,0.344696044921875,1737571708.167
6,0.3790283203125,1737571708.167
8,0.02264404296875,1737571708.167
9,0.017669677734375,1737571708.167
10,0.017974853515625,1737571708.167
11,242.04913330078125,1737571708.167
12,226.54495239257812,1737571708.167
13,351.7074279785156,1737571708.167
14,221.30584716796875,1737571708.167
1,27.50123046875,1737571708.167
3,-24.980200195312506,1737571708.167
7,2002.0,1737571708.167
16,-32.46001052856445,1737571708.168
17,-32.2257080078125,1737571708.168
2,-0.15655517578125,1737571708.234
15,-0.15655517578125,1737571708.234
4,0.392303466796875,1737571708.234
5,0.343780517578125,1737571708.234
6,0.377655029296875,1737571708.234
8,0.022705078125,1737571708.234
9,0.01788330078125,1737571708.234
10,0.017852783203125,1737571708.234
11,242.13656616210938,1737571708.234
12,226.54495239257812,1737571708.234
13,351.7598876953125,1737571708.234
14,221.30584716796875,1737571708.234
1,27.596181640624994,1737571708.234
3,-25.007666015625006,1737571708.234
7,2002.0,1737571708.234
16,-32.46001052856445,1737571708.235
17,-32.20647430419922,1737571708.235
2,-0.0048828125,1737571708.301
15,-0.0048828125,1737571708.301
4,0.392303466796875,1737571708.301
5,0.3460693359375,1737571708.301
6,0.378570556640625,1737571708.301
8,0.02264404296875,1737571708.301
9,0.017791748046875,1737571708.301
10,0.017730712890625,1737571708.301
11,241.83929443359375,1737571708.301
12,226.54495239257812,1737571708.301
13,351.6374816894531,1737571708.301
14,221.30584716796875,1737571708.301
1,27.636875,1737571708.301
3,-25.080908203125006,1737571708.301
7,2002.0,1737571708.301
16,-32.46001052856445,1737571708.301
17,-32.230953216552734,1737571708.301
2,-0.15655517578125,1737571709.101
15,-0.15655517578125,1737571709.101
4,0.3955078125,1737571709.101
5,0.34698486328125,1737571709.101
6,0.377655029296875,1737571709.101
8,0.0225830078125,1737571709.101
9,0.017791748046875,1737571709.101
10,0.017730712890625,1737571709.101
11,242.01416015625,1737571709.101
12,226.54495239257812,1737571709.101
13,351.7598876953125,1737571709.101
14,221.30584716796875,1737571709.101
1,27.641396484374997,1737571709.101
3,-25.021398925781256,1737571709.101
7,2002.0,1737571709.101
16,-32.46001052856445,1737571709.101
17,-32.2099723815918,1737571709.101
2,0.0018310546875,1737571709.167
15,0.0018310546875,1737571709.167
4,0.39642333984375,1737571709.167
5,0.347442626953125,1737571709.167
6,0.37994384765625,1737571709.167
8,0.02264404296875,1737571709.167
9,0.017822265625,1737571709.167
10,0.01806640625,1737571709.167
11,242.04913330078125,1737571709.167
12,226.54495239257812,1737571709.167
13,351.829833984375,1737571709.167
14,221.30584716796875,1737571709.167
1,27.641396484374997,1737571709.167
3,-24.984777832031256,1737571709.167
7,2002.0,1737571709.167
16,-32.46001052856445,1737571709.168
17,-32.24843978881836,1737571709.168
2,-0.15655517578125,1737571709.234
15,-0.15655517578125,1737571709.234
4,0.393218994140625,1737571709.234
5,0.3460693359375,1737571709.234
6,0.379486083984375,1737571709.234
8,0.02252197265625,1737571709.234
9,0.017791748046875,1737571709.234
10,0.017730712890625,1737571709.234
11,241.90924072265625,1737571709.234
12,226.54495239257812,1737571709.234
13,351.7074279785156,1737571709.234
14,221.30584716796875,1737571709.234
1,27.641396484374997,1737571709.234
3,-24.961889648437506,1737571709.234
7,2002.0,1737571709.234
16,-32.46001052856445,1737571709.234
17,-32.220462799072266,1737571709.234
2,0.0726318359375,1737571709.301
15,0.0726318359375,1737571709.301
4,0.398712158203125,1737571709.301
5,0.346527099609375,1737571709.301
6,0.377655029296875,1737571709.301
8,0.02276611328125,1737571709.301
9,0.017578125,1737571709.301
10,0.017852783203125,1737571709.301
11,242.154052734375,1737571709.301
12,226.54495239257812,1737571709.301
13,351.7598876953125,1737571709.301
14,221.30584716796875,1737571709.301
1,27.614267578125,1737571709.301
3,-24.971044921875006,1737571709.301
7,2002.0,1737571709.301
16,-32.46001052856445,1737571709.301
17,-32.21171951293945,1737571709.301
2,0.03753662109375,1737571710.1
15,0.03753662109375,1737571710.1
4,0.39093017578125,1737571710.1
5,0.34515380859375,1737571710.1
6,0.378570556640625,1737571710.1
8,0.02239990234375,1737571710.1
9,0.017333984375,1737571710.1
10,0.018096923828125,1737571710.1
11,242.04913330078125,1737571710.1
12,226.54495239257812,1737571710.1
13,351.7598876953125,1737571710.1
14,221.30584716796875,1737571710.1
1,27.60522460937499,1737571710.1
3,-24.952734375000006,1737571710.1
7,2002.0,1737571710.1
16,-32.46001052856445,1737571710.101
17,-32.26592254638672,1737571710.101
2,0.01190185546875,1737571710.167
15,0.01190185546875,1737571710.167
4,0.391387939453125,1737571710.167
5,0.34698486328125,1737571710.167
6,0.375823974609375,1737571710.167
8,0.022491455078125,1737571710.167
9,0.01800537109375,1737571710.167
10,0.017852783203125,1737571710.167
11,241.97918701171875,1737571710.167
12,226.54495239257812,1737571710.167
13,351.7074279785156,1737571710.167
14,221.30584716796875,1737571710.167
1,27.614267578125,1737571710.167
3,-24.971044921875006,1737571710.167
7,2002.0,1737571710.167
16,-32.46001052856445,1737571710.168
17,-32.21171951293945,1737571710.168
2,-0.0018310546875,1737571710.234
15,-0.0018310546875,1737571710.234
4,0.39276123046875,1737571710.234
5,0.346527099609375,1737571710.234
6,0.379486083984375,1737571710.234
8,0.02239990234375,1737571710.234
9,0.01763916015625,1737571710.234
10,0.0177001953125,1737571710.234
11,242.13656616210938,1737571710.234
12,226.54495239257812,1737571710.234
13,351.6374816894531,1737571710.234
14,221.30584716796875,1737571710.234
1,27.636875,1737571710.234
3,-24.975622558593756,1737571710.234
7,2002.0,1737571710.234
16,-32.46001052856445,1737571710.234
17,-32.220462799072266,1737571710.234
2,0.03753662109375,1737571710.3
15,0.03753662109375,1737571710.3
4,0.389556884765625,1737571710.3
5,0.34881591796875,1737571710.3
6,0.3753662109375,1737571710.3
8,0.02252197265625,1737571710.3
9,0.017822265625,1737571710.3
10,0.01800537109375,1737571710.3
11,242.0841064453125,1737571710.3
12,226.54495239257812,1737571710.3
13,351.7074279785156,1737571710.3
14,221.30584716796875,1737571710.3
1,27.668525390624996,1737571710.3
3,-24.957312011718756,1737571710.3
7,2002.0,1737571710.3
16,-32.46001052856445,1737571710.301
17,-32.237945556640625,1737571710.301
2,-0.15655517578125,1737571711.1
15,-0.15655517578125,1737571711.1
4,0.392303466796875,1737571711.1
5,0.3570556640625,1737571711.1
6,0.377655029296875,1737571711.1
8,0.022613525390625,1737571711.1
9,0.017730712890625,1737571711.1
10,0.01806640625,1737571711.1
11,241.9442138671875,1737571711.1
12,226.54495239257812,1737571711.1
13,351.6374816894531,1737571711.1
14,221.30584716796875,1737571711.1
1,27.645917968750002,1737571711.1
3,-25.012243652343756,1737571711.1
7,2002.0,1737571711.1
16,-32.46001052856445,1737571711.101
17,-32.220462799072266,1737571711.101
2,-0.02227783203125,1737571711.167
15,-0.02227783203125,1737571711.167
4,0.395965576171875,1737571711.167
5,0.34698486328125,1737571711.167
6,0.378570556640625,1737571711.167
8,0.02264404296875,1737571711.167
9,0.017730712890625,1737571711.167
10,0.018035888671875,1737571711.167
11,242.20651245117188,1737571711.167
12,226.54495239257812,1737571711.167
13,351.7598876953125,1737571711.167
14,221.30584716796875,1737571711.167
1,27.636875,1737571711.167
3,-24.934423828125006,1737571711.167
7,2002.0,1737571711.167
16,-32.46001052856445,1737571711.168
17,-32.237945556640625,1737571711.168
2,-0.0054931640625,1737571711.234
15,-0.0054931640625,1737571711.234
4,0.39459228515625,1737571711.234
5,0.343780517578125,1737571711.234
6,0.380859375,1737571711.234
8,0.022552490234375,1737571711.234
9,0.0179443359375,1737571711.234
10,0.017913818359375,1737571711.234
11,242.01416015625,1737571711.234
12,226.5380859375,1737571711.234
13,351.8822937011719,1737571711.234
14,221.30584716796875,1737571711.234
1,27.632353515624995,1737571711.234
3,-24.993933105468756,1737571711.234
7,2002.0,1737571711.234
16,-32.46001052856445,1737571711.234
17,-32.21696472167969,1737571711.234
2,0.01434326171875,1737571711.3
15,0.01434326171875,1737571711.3
4,0.39459228515625,1737571711.3
5,0.34515380859375,1737571711.3
6,0.37994384765625,1737571711.3
8,0.022613525390625,1737571711.3
9,0.017791748046875,1737571711.3
10,0.01788330078125,1737571711.3
11,242.04913330078125,1737571711.3
12,226.5380859375,1737571711.3
13,351.7074279785156,1737571711.3
14,221.30584716796875,1737571711.3
1,27.564531249999998,1737571711.3
3,-24.952734375000006,1737571711.3
7,2002.0,1737571711.3
16,-32.46001052856445,1737571711.301
17,-32.19423294067383,1737571711.301
2,0.00091552734375,1737571712.1
15,0.00091552734375,1737571712.1
4,0.393218994140625,1737571712.1
5,0.3460693359375,1737571712.1
6,0.37811279296875,1737571712.1
8,0.022613525390625,1737571712.1
9,0.01788330078125,1737571712.1
10,0.0179443359375,1737571712.1
11,242.25897216796875,1737571712.1
12,226.5380859375,1737571712.1
13,351.7598876953125,1737571712.1
14,221.30584716796875,1737571712.1
1,27.632353515624995,1737571712.1
3,-24.989355468750006,1737571712.1
7,2002.0,1737571712.1
16,-32.46001052856445,1737571712.101
17,-32.23270034790039,1737571712.101
2,0.03143310546875,1737571712.167
15,0.03143310546875,1737571712.167
4,0.39459228515625,1737571712.167
5,0.346527099609375,1737571712.167
6,0.379486083984375,1737571712.167
8,0.022552490234375,1737571712.167
9,0.017730712890625,1737571712.167
10,0.017974853515625,1737571712.167
11,242.20651245117188,1737571712.167
12,226.53121948242188,1737571712.167
13,351.829833984375,1737571712.167
14,221.30584716796875,1737571712.167
1,27.645917968750002,1737571712.167
3,-24.975622558593756,1737571712.167
7,2002.0,1737571712.167
16,-32.46001052856445,1737571712.167
17,-32.243194580078125,1737571712.167
2,0.00579833984375,1737571712.234
15,0.00579833984375,1737571712.234
4,0.39093017578125,1737571712.234
5,0.344696044921875,1737571712.234
6,0.37994384765625,1737571712.234
8,0.0225830078125,1737571712.234
9,0.0177001953125,1737571712.234
10,0.017913818359375,1737571712.234
11,241.89175415039062,1737571712.234
12,226.52435302734375,1737571712.234
13,351.8997802734375,1737571712.234
14,221.30584716796875,1737571712.234
1,27.62783203124999,1737571712.234
3,-25.044287109375006,1737571712.234
7,2002.0,1737571712.234
16,-32.46001052856445,1737571712.234
17,-32.223960876464844,1737571712.234
2,-0.03082275390625,1737571712.3
15,-0.03082275390625,1737571712.3
4,0.39642333984375,1737571712.3
5,0.347442626953125,1737571712.3
6,0.3790283203125,1737571712.3
8,0.022796630859375,1737571712.3
9,0.017974853515625,1737571712.3
10,0.01751708984375,1737571712.3
11,241.69940185546875,1737571712.3
12,226.52435302734375,1737571712.3
13,351.7598876953125,1737571712.3
14,221.30584716796875,1737571712.3
1,27.654960937499997,1737571712.3
3,-25.007666015625006,1737571712.3
7,2002.0,1737571712.3
16,-32.46001052856445,1737571712.301
17,-32.230953216552734,1737571712.301
2,0.0030517578125,1737571713.1
15,0.0030517578125,1737571713.1
4,0.39459228515625,1737571713.1
5,0.346527099609375,1737571713.1
6,0.379486083984375,1737571713.1
8,0.02264404296875,1737571713.1
9,0.0179443359375,1737571713.1
10,0.01800537109375,1737571713.1
11,241.9442138671875,1737571713.1
12,226.53121948242188,1737571713.1
13,351.7598876953125,1737571713.1
14,221.30584716796875,1737571713.1
1,27.673046874999994,1737571713.1
3,-24.993933105468756,1737571713.1
7,2002.0,1737571713.1
16,-32.46001052856445,1737571713.101
17,-32.223960876464844,1737571713.101
2,0.00640869140625,1737571713.167
15,0.00640869140625,1737571713.167
4,0.39459228515625,1737571713.167
5,0.3460693359375,1737571713.167
6,0.378570556640625,1737571713.167
8,0.02276611328125,1737571713.167
9,0.017791748046875,1737571713.167
10,0.01806640625,1737571713.167
11,242.11907958984375,1737571713.167
12,226.53121948242188,1737571713.167
13,351.829833984375,1737571713.167
14,221.30584716796875,1737571713.167
1,27.62783203124999,1737571713.167
3,-24.971044921875006,1737571713.167
7,2002.0,1737571713.167
16,-32.46001052856445,1737571713.167
17,-32.21346664428711,1737571713.167
2,0.00579833984375,1737571713.234
15,0.00579833984375,1737571713.234
4,0.39093017578125,1737571713.234
5,0.346527099609375,1737571713.234
6,0.379486083984375,1737571713.234
8,0.022674560546875,1737571713.234
9,0.01763916015625,1737571713.234
10,0.01763916015625,1737571713.234
11,242.11907958984375,1737571713.234
12,226.53121948242188,1737571713.234
13,351.8822937011719,1737571713.234
14,221.30584716796875,1737571713.234
1,27.74086914062499,1737571713.234
3,-24.948156738281256,1737571713.234
7,2002.0,1737571713.234
16,-32.46001052856445,1737571713.234
17,-32.23619842529297,1737571713.234
2,0.00946044921875,1737571713.3
15,0.00946044921875,1737571713.3
4,0.394134521484375,1737571713.3
5,0.352020263671875,1737571713.3
6,0.373992919921875,1737571713.3
8,0.02264404296875,1737571713.3
9,0.01776123046875,1737571713.3
10,0.01812744140625,1737571713.3
11,242.10159301757812,1737571713.3
12,226.53121948242188,1737571713.3
13,351.829833984375,1737571713.3
14,221.30584716796875,1737571713.3
1,27.623310546875,1737571713.3
3,-24.961889648437506,1737571713.3
7,2002.0,1737571713.3
16,-32.46001052856445,1737571713.301
17,-32.223960876464844,1737571713.301
2,0.0811767578125,1737571714.1
15,0.0811767578125,1737571714.1
4,0.38543701171875,1737571714.1
5,0.340118408203125,1737571714.1
6,0.3790283203125,1737571714.1
8,0.022552490234375,1737571714.1
9,0.017852783203125,1737571714.1
10,0.018096923828125,1737571714.1
11,242.13656616210938,1737571714.1
12,226.53121948242188,1737571714.1
13,351.7598876953125,1737571714.1
14,221.30584716796875,1737571714.1
1,27.641396484374997,1737571714.1
3,-24.971044921875006,1737571714.1
7,2002.0,1737571714.1
16,-32.46001052856445,1737571714.101
17,-32.20647430419922,1737571714.101
2,0.00457763671875,1737571714.167
15,0.00457763671875,1737571714.167
4,0.3955078125,1737571714.167
5,0.344696044921875,1737571714.167
6,0.377197265625,1737571714.167
8,0.02239990234375,1737571714.167
9,0.017852783203125,1737571714.167
10,0.01739501953125,1737571714.167
11,242.25897216796875,1737571714.167
12,226.53121948242188,1737571714.167
13,351.8822937011719,1737571714.167
14,221.30584716796875,1737571714.167
1,27.609746093749994,1737571714.167
3,-25.222814941406256,1737571714.167
7,2002.0,1737571714.167
16,-32.46001052856445,1737571714.167
17,-32.21346664428711,1737571714.167
2,-0.0225830078125,1737571714.234
15,-0.0225830078125,1737571714.234
4,0.390472412109375,1737571714.234
5,0.344696044921875,1737571714.234
6,0.37811279296875,1737571714.234
8,0.022552490234375,1737571714.234
9,0.017822265625,1737571714.234
10,0.017913818359375,1737571714.234
11,242.154052734375,1737571714.234
12,226.52435302734375,1737571714.234
13,351.829833984375,1737571714.234
14,221.30584716796875,1737571714.234
1,27.654960937499997,1737571714.234
3,-24.957312011718756,1737571714.234
7,2002.0,1737571714.234
16,-32.46001052856445,1737571714.234
17,-32.227455139160156,1737571714.234
2,-0.15655517578125,1737571714.3
15,-0.15655517578125,1737571714.3
4,0.39459228515625,1737571714.3
5,0.3460693359375,1737571714.3
6,0.380401611328125,1737571714.3
8,0.02264404296875,1737571714.3
9,0.0179443359375,1737571714.3
10,0.01800537109375,1737571714.3
11,242.04913330078125,1737571714.3
12,226.52435302734375,1737571714.3
13,351.7598876953125,1737571714.3
14,221.30584716796875,1737571714.3
1,27.645917968750002,1737571714.3
3,-24.847448730468756,1737571714.3
7,2002.0,1737571714.3
16,-32.46001052856445,1737571714.301
17,-32.22920608520508,1737571714.301
2,0.00030517578125,1737571715.1
15,0.00030517578125,1737571715.1
4,0.392303466796875,1737571715.1
5,0.346527099609375,1737571715.1
6,0.37811279296875,1737571715.1
8,0.02264404296875,1737571715.1
9,0.01788330078125,1737571715.1
10,0.01776123046875,1737571715.1
11,241.83929443359375,1737571715.1
12,226.52435302734375,1737571715.1
13,351.7598876953125,1737571715.1
14,221.30584716796875,1737571715.1
1,27.632353515624995,1737571715.1
3,-24.948156738281256,1737571715.1
7,2002.0,1737571715.1
16,-32.46001052856445,1737571715.101
17,-32.21521759033203,1737571715.101
2,0.03662109375,1737571715.167
15,0.03662109375,1737571715.167
4,0.39642333984375,1737571715.167
5,0.34881591796875,1737571715.167
6,0.378570556640625,1737571715.167
8,0.022430419921875,1737571715.167
9,0.017791748046875,1737571715.167
10,0.01788330078125,1737571715.167
11,242.04913330078125,1737571715.167
12,226.52435302734375,1737571715.167
13,351.829833984375,1737571715.167
14,221.30584716796875,1737571715.167
1,27.609746093749994,1737571715.167
3,-24.957312011718756,1737571715.167
7,2002.0,1737571715.167
16,-32.46001052856445,1737571715.167
17,-32.220462799072266,1737571715.167
2,0.0067138671875,1737571715.233
15,0.0067138671875,1737571715.233
4,0.3955078125,1737571715.233
5,0.34698486328125,1737571715.233
6,0.3790283203125,1737571715.233
8,0.02252197265625,1737571715.233
9,0.017791748046875,1737571715.233
10,0.01776123046875,1737571715.233
11,242.04913330078125,1737571715.233
12,226.52435302734375,1737571715.233
13,351.8822937011719,1737571715.233
14,221.30584716796875,1737571715.233
1,27.62783203124999,1737571715.233
3,-24.943579101562506,1737571715.233
7,2002.0,1737571715.233
16,-32.46001052856445,1737571715.234
17,-32.21171951293945,1737571715.234
2,-0.13916015625,1737571715.3
15,-0.13916015625,1737571715.3
4,0.395965576171875,1737571715.3
5,0.344696044921875,1737571715.3
6,0.378570556640625,1737571715.3
8,0.0228271484375,1737571715.3
9,0.01776123046875,1737571715.3
10,0.01788330078125,1737571715.3
11,241.75186157226562,1737571715.3
12,226.52435302734375,1737571715.3
13,351.829833984375,1737571715.3
14,221.30584716796875,1737571715.3
1,27.673046874999994,1737571715.3
3,-24.980200195312506,1737571715.3
7,2002.0,1737571715.3
16,-32.46001052856445,1737571715.301
17,-32.21696472167969,1737571715.301
2,0.01800537109375,1737571716.1
15,0.01800537109375,1737571716.1
4,0.39276123046875,1737571716.1
5,0.345611572265625,1737571716.1
6,0.379486083984375,1737571716.1
8,0.02264404296875,1737571716.1
9,0.0177001953125,1737571716.1
10,0.017974853515625,1737571716.1
11,241.9442138671875,1737571716.1
12,226.53121948242188,1737571716.1
13,351.8822937011719,1737571716.1
14,221.30584716796875,1737571716.1
1,27.523837890625,1737571716.1
3,-24.966467285156256,1737571716.1
7,2002.0,1737571716.1
16,-32.46001052856445,1737571716.101
17,-32.208221435546875,1737571716.101
2,-0.00091552734375,1737571716.167
15,-0.00091552734375,1737571716.167
4,0.391845703125,1737571716.167
5,0.34515380859375,1737571716.167
6,0.3790283203125,1737571716.167
8,0.022552490234375,1737571716.167
9,0.017822265625,1737571716.167
10,0.017791748046875,1737571716.167
11,242.10159301757812,1737571716.167
12,226.53121948242188,1737571716.167
13,351.8822937011719,1737571716.167
14,221.30584716796875,1737571716.167
1,27.636875,1737571716.167
3,-24.943579101562506,1737571716.167
7,2002.0,1737571716.167
16,-32.46001052856445,1737571716.167
17,-32.21171951293945,1737571716.167
2,0.01434326171875,1737571716.233
15,0.01434326171875,1737571716.233
4,0.395050048828125,1737571716.233
5,0.344696044921875,1737571716.233
6,0.38177490234375,1737571716.233
8,0.0225830078125,1737571716.233
9,0.017852783203125,1737571716.233
10,0.017913818359375,1737571716.233
11,241.8043212890625,1737571716.233
12,226.53121948242188,1737571716.233
13,351.8822937011719,1737571716.233
14,221.30584716796875,1737571716.233
1,27.600703125,1737571716.233
3,-25.025976562500006,1737571716.233
7,2002.0,1737571716.233
16,-32.46001052856445,1737571716.234
17,-32.227455139160156,1737571716.234
2,0.04852294921875,1737571716.3
15,0.04852294921875,1737571716.3
4,0.3936767578125,1737571716.3
5,0.34698486328125,1737571716.3
6,0.37811279296875,1737571716.3
8,0.022491455078125,1737571716.3
9,0.017791748046875,1737571716.3
10,0.018035888671875,1737571716.3
11,242.10159301757812,1737571716.3
12,226.5380859375,1737571716.3
13,351.829833984375,1737571716.3
14,221.30584716796875,1737571716.3
1,27.641396484374997,1737571716.3
3,-24.993933105468756,1737571716.3
7,2002.0,1737571716.3
16,-32.46001052856445,1737571716.301
17,-32.218711853027344,1737571716.301
2,-0.01007080078125,1737571717.1
15,-0.01007080078125,1737571717.1
4,0.3955078125,1737571717.1
5,0.34515380859375,1737571717.1
6,0.382232666015625,1737571717.1
8,0.022705078125,1737571717.1
9,0.01788330078125,1737571717.1
10,0.017974853515625,1737571717.1
11,241.99667358398438,1737571717.1
12,226.5380859375,1737571717.1
13,351.829833984375,1737571717.1
14,221.30584716796875,1737571717.1
1,27.618789062499996,1737571717.1
3,-25.025976562500006,1737571717.1
7,2002.0,1737571717.1
16,-32.46001052856445,1737571717.101
17,-32.26767349243164,1737571717.101
2,-0.07415771484375,1737571717.167
15,-0.07415771484375,1737571717.167
4,0.394134521484375,1737571717.167
5,0.3497314453125,1737571717.167
6,0.379486083984375,1737571717.167
8,0.022613525390625,1737571717.167
9,0.017791748046875,1737571717.167
10,0.017974853515625,1737571717.167
11,242.154052734375,1737571717.167
12,226.5380859375,1737571717.167
13,351.8997802734375,1737571717.167
14,221.30584716796875,1737571717.167
1,27.677568359374998,1737571717.167
3,-24.975622558593756,1737571717.167
7,2002.0,1737571717.167
16,-32.46001052856445,1737571717.167
17,-32.220462799072266,1737571717.167
2,-0.00213623046875,1737571717.233
15,-0.00213623046875,1737571717.233
4,0.3936767578125,1737571717.233
5,0.3460693359375,1737571717.233
6,0.380401611328125,1737571717.233
8,0.02264404296875,1737571717.233
9,0.0177001953125,1737571717.233
10,0.017974853515625,1737571717.233
11,241.89175415039062,1737571717.233
12,226.5380859375,1737571717.233
13,351.829833984375,1737571717.233
14,221.30584716796875,1737571717.233
1,27.636875,1737571717.233
3,-24.975622558593756,1737571717.233
7,2002.0,1737571717.233
16,-32.46001052856445,1737571717.234
17,-32.19598388671875,1737571717.234
2,-0.01251220703125,1737571717.3
15,-0.01251220703125,1737571717.3
4,0.3936767578125,1737571717.3
5,0.345611572265625,1737571717.3
6,0.375823974609375,1737571717.3
8,0.022735595703125,1737571717.3
9,0.01788330078125,1737571717.3
10,0.01788330078125,1737571717.3
11,242.2939453125,1737571717.3
12,226.5380859375,1737571717.3
13,351.9522399902344,1737571717.3
14,221.30584716796875,1737571717.3
1,27.691132812499998,1737571717.3
3,-24.929846191406256,1737571717.3
7,2002.0,1737571717.3
16,-32.46001052856445,1737571717.301
17,-32.2257080078125,1737571717.301
2,0.00640869140625,1737571718.1
15,0.00640869140625,1737571718.1
4,0.39642333984375,1737571718.1
5,0.34515380859375,1737571718.1
6,0.378570556640625,1737571718.1
8,0.02227783203125,1737571718.1
9,0.017730712890625,1737571718.1
10,0.017852783203125,1737571718.1
11,242.20651245117188,1737571718.1
12,226.53121948242188,1737571718.1
13,351.829833984375,1737571718.1
14,221.30584716796875,1737571718.1
1,27.618789062499996,1737571718.1
3,-24.975622558593756,1737571718.1
7,2002.0,1737571718.1
16,-32.46001052856445,1737571718.101
17,-32.223960876464844,1737571718.101
2,0.0372314453125,1737571718.167
15,0.0372314453125,1737571718.167
4,0.394134521484375,1737571718.167
5,0.34515380859375,1737571718.167
6,0.37811279296875,1737571718.167
8,0.0225830078125,1737571718.167
9,0.0177001953125,1737571718.167
10,0.0179443359375,1737571718.167
11,241.90924072265625,1737571718.167
12,226.52435302734375,1737571718.167
13,351.7598876953125,1737571718.167
14,221.30584716796875,1737571718.167
1,27.623310546875,1737571718.167
3,-24.980200195312506,1737571718.167
7,2002.0,1737571718.167
16,-32.46001052856445,1737571718.167
17,-32.2257080078125,1737571718.167
2,0.0311279296875,1737571718.233
15,0.0311279296875,1737571718.233
4,0.391845703125,1737571718.233
5,0.343780517578125,1737571718.233
6,0.3790283203125,1737571718.233
8,0.02264404296875,1737571718.233
9,0.017852783203125,1737571718.233
10,0.01776123046875,1737571718.233
11,241.99667358398438,1737571718.233
12,226.52435302734375,1737571718.233
13,351.829833984375,1737571718.233
14,221.30584716796875,1737571718.233
1,27.614267578125,1737571718.233
3,-24.980200195312506,1737571718.233
7,2002.0,1737571718.233
16,-32.46001052856445,1737571718.234
17,-32.23270034790039,1737571718.234
2,0.0238037109375,1737571718.3
15,0.0238037109375,1737571718.3
4,0.39093017578125,1737571718.3
5,0.34332275390625,1737571718.3
6,0.3790283203125,1737571718.3
8,0.02264404296875,1737571718.3
9,0.018035888671875,1737571718.3
10,0.017730712890625,1737571718.3
11,241.68191528320312,1737571718.3
12,226.52435302734375,1737571718.3
13,351.7074279785156,1737571718.3
14,221.30584716796875,1737571718.3
1,27.623310546875,1737571718.3
3,-25.094641113281256,1737571718.3
7,2002.0,1737571718.3
16,-32.46001052856445,1737571718.301
17,-32.23270034790039,1737571718.301
2,-0.02777099609375,1737571719.1
15,-0.02777099609375,1737571719.1
4,0.380401611328125,1737571719.1
5,0.34515380859375,1737571719.1
6,0.37811279296875,1737571719.1
8,0.02264404296875,1737571719.1
9,0.017913818359375,1737571719.1
10,0.0179443359375,1737571719.1
11,242.154052734375,1737571719.1
12,226.53121948242188,1737571719.1
13,351.7598876953125,1737571719.1
14,221.30584716796875,1737571719.1
1,27.62783203124999,1737571719.1
3,-24.993933105468756,1737571719.1
7,2002.0,1737571719.1
16,-32.46001052856445,1737571719.101
17,-32.243194580078125,1737571719.101
2,0.00213623046875,1737571719.167
15,0.00213623046875,1737571719.167
4,0.395050048828125,1737571719.167
5,0.345611572265625,1737571719.167
6,0.37994384765625,1737571719.167
8,0.0224609375,1737571719.167
9,0.017974853515625,1737571719.167
10,0.017791748046875,1737571719.167
11,241.64694213867188,1737571719.167
12,226.53121948242188,1737571719.167
13,351.7074279785156,1737571719.167
14,221.30584716796875,1737571719.167
1,27.632353515624995,1737571719.167
3,-24.920690917968756,1737571719.167
7,2002.0,1737571719.167
16,-32.46001052856445,1737571719.167
17,-32.253684997558594,1737571719.167
2,-0.15655517578125,1737571719.233
15,-0.15655517578125,1737571719.233
4,0.394134521484375,1737571719.233
5,0.34332275390625,1737571719.233
6,0.3790283203125,1737571719.233
8,0.02252197265625,1737571719.233
9,0.017730712890625,1737571719.233
10,0.01788330078125,1737571719.233
11,242.20651245117188,1737571719.233
12,226.54495239257812,1737571719.233
13,351.829833984375,1737571719.233
14,221.30584716796875,1737571719.233
1,27.62783203124999,1737571719.233
3,-25.108374023437506,1737571719.233
7,2002.0,1737571719.233
16,-32.46001052856445,1737571719.234
17,-32.19248580932617,1737571719.234
2,0.001220703125,1737571719.3
15,0.001220703125,1737571719.3
4,0.392303466796875,1737571719.3
5,0.350189208984375,1737571719.3
6,0.3790283203125,1737571719.3
8,0.02252197265625,1737571719.3
9,0.017852783203125,1737571719.3
10,0.018035888671875,1737571719.3
11,242.04913330078125,1737571719.3
12,226.5380859375,1737571719.3
13,351.7598876953125,1737571719.3
14,221.30584716796875,1737571719.3
1,27.745390624999995,1737571719.3
3,-24.998510742187506,1737571719.3
7,2002.0,1737571719.3
16,-32.46001052856445,1737571719.301
17,-32.223960876464844,1737571719.301
2,0.015869140625,1737571720.1
15,0.015869140625,1737571720.1
4,0.3955078125,1737571720.1
5,0.346527099609375,1737571720.1
6,0.378570556640625,1737571720.1
8,0.02276611328125,1737571720.1
9,0.017913818359375,1737571720.1
10,0.0179443359375,1737571720.1
11,242.24148559570312,1737571720.1
12,226.5380859375,1737571720.1
13,351.7598876953125,1737571720.1
14,221.30584716796875,1737571720.1
1,27.632353515624995,1737571720.1
3,-24.984777832031256,1737571720.1
7,2002.0,1737571720.1
16,-32.46001052856445,1737571720.101
17,-32.23270034790039,1737571720.101
2,-0.04119873046875,1737571720.167
15,-0.04119873046875,1737571720.167
4,0.39276123046875,1737571720.167
5,0.3460693359375,1737571720.167
6,0.3790283203125,1737571720.167
8,0.02252197265625,1737571720.167
9,0.017822265625,1737571720.167
10,0.017913818359375,1737571720.167
11,241.9442138671875,1737571720.167
12,226.53121948242188,1737571720.167
13,351.7598876953125,1737571720.167
14,221.30584716796875,1737571720.167
1,27.645917968750002,1737571720.167
3,-25.012243652343756,1737571720.167
7,2002.0,1737571720.167
16,-32.46001052856445,1737571720.167
17,-32.25718307495117,1737571720.167
2,-0.01922607421875,1737571720.233
15,-0.01922607421875,1737571720.233
4,0.392303466796875,1737571720.233
5,0.3460693359375,1737571720.233
6,0.37994384765625,1737571720.233
8,0.022491455078125,1737571720.233
9,0.018157958984375,1737571720.233
10,0.017730712890625,1737571720.233
11,241.6644287109375,1737571720.233
12,226.53121948242188,1737571720.233
13,351.829833984375,1737571720.233
14,221.30584716796875,1737571720.233
1,27.636875,1737571720.233
3,-24.989355468750006,1737571720.233
7,2002.0,1737571720.233
16,-32.46001052856445,1737571720.234
17,-32.24494171142578,1737571720.234
2,0.0048828125,1737571720.3
15,0.0048828125,1737571720.3
4,0.39459228515625,1737571720.3
5,0.33966064453125,1737571720.3
6,0.37811279296875,1737571720.3
8,0.02264404296875,1737571720.3
9,0.017913818359375,1737571720.3
10,0.018096923828125,1737571720.3
11,242.154052734375,1737571720.3
12,226.5380859375,1737571720.3
13,351.7598876953125,1737571720.3
14,221.30584716796875,1737571720.3
1,27.650439453124992,1737571720.3
3,-24.975622558593756,1737571720.3
7,2002.0,1737571720.3
16,-32.46001052856445,1737571720.301
17,-32.21696472167969,1737571720.301
2,-0.0396728515625,1737571721.1
15,-0.0396728515625,1737571721.1
4,0.393218994140625,1737571721.1
5,0.347442626953125,1737571721.1
6,0.377655029296875,1737571721.1
8,0.022705078125,1737571721.1
9,0.017669677734375,1737571721.1
10,0.0179443359375,1737571721.1
11,242.20651245117188,1737571721.1
12,226.5380859375,1737571721.1
13,351.829833984375,1737571721.1
14,221.30584716796875,1737571721.1
1,27.682089843750003,1737571721.1
3,-24.902380371093756,1737571721.1
7,2002.0,1737571721.1
16,-32.46001052856445,1737571721.101
17,-32.208221435546875,1737571721.101
2,-0.15655517578125,1737571721.167
15,-0.15655517578125,1737571721.167
4,0.38909912109375,1737571721.167
5,0.345611572265625,1737571721.167
6,0.3790283203125,1737571721.167
8,0.02264404296875,1737571721.167
9,0.017913818359375,1737571721.167
10,0.017974853515625,1737571721.167
11,242.0841064453125,1737571721.167
12,226.53121948242188,1737571721.167
13,351.7074279785156,1737571721.167
14,221.30584716796875,1737571721.167
1,27.614267578125,1737571721.167
3,-24.984777832031256,1737571721.167
7,2002.0,1737571721.167
16,-32.46001052856445,1737571721.167
17,-32.2414436340332,1737571721.167
2,0.00457763671875,1737571721.233
15,0.00457763671875,1737571721.233
4,0.39276123046875,1737571721.233
5,0.34698486328125,1737571721.233
6,0.378570556640625,1737571721.233
8,0.02252197265625,1737571721.233
9,0.017791748046875,1737571721.233
10,0.017913818359375,1737571721.233
11,241.75186157226562,1737571721.233
12,226.53121948242188,1737571721.233
13,351.7074279785156,1737571721.233
14,221.30584716796875,1737571721.233
1,27.609746093749994,1737571721.233
3,-24.993933105468756,1737571721.233
7,2002.0,1737571721.233
16,-32.46001052856445,1737571721.234
17,-32.237945556640625,1737571721.234
2,0.02838134765625,1737571721.3
15,0.02838134765625,1737571721.3
4,0.3936767578125,1737571721.3
5,0.34423828125,1737571721.3
6,0.378570556640625,1737571721.3
8,0.0228271484375,1737571721.3
9,0.017852783203125,1737571721.3
10,0.017974853515625,1737571721.3
11,241.89175415039062,1737571721.3
12,226.5380859375,1737571721.3
13,351.7074279785156,1737571721.3
14,221.30584716796875,1737571721.3
1,27.632353515624995,1737571721.3
3,-25.044287109375006,1737571721.3
7,2002.0,1737571721.3
16,-32.46001052856445,1737571721.301
17,-32.24843978881836,1737571721.301
2,-0.08697509765625,1737571722.1
15,-0.08697509765625,1737571722.1
4,0.390472412109375,1737571722.1
5,0.35064697265625,1737571722.1
6,0.38543701171875,1737571722.1
8,0.02252197265625,1737571722.1
9,0.017791748046875,1737571722.1
10,0.017913818359375,1737571722.1
11,241.78683471679688,1737571722.1
12,226.5380859375,1737571722.1
13,351.7074279785156,1737571722.1
14,221.30584716796875,1737571722.1
1,27.650439453124992,1737571722.1
3,-24.984777832031256,1737571722.1
7,2002.0,1737571722.1
16,-32.46001052856445,1737571722.101
17,-32.218711853027344,1737571722.101
2,-0.00518798828125,1737571722.167
15,-0.00518798828125,1737571722.167
4,0.395050048828125,1737571722.167
5,0.3460693359375,1737571722.167
6,0.384521484375,1737571722.167
8,0.02264404296875,1737571722.167
9,0.017791748046875,1737571722.167
10,0.0179443359375,1737571722.167
11,242.154052734375,1737571722.167
12,226.54495239257812,1737571722.167
13,351.7598876953125,1737571722.167
14,221.30584716796875,1737571722.167
1,27.650439453124992,1737571722.167
3,-25.016821289062506,1737571722.167
7,2002.0,1737571722.167
16,-32.46001052856445,1737571722.167
17,-32.23619842529297,1737571722.167
2,0.00274658203125,1737571722.234
15,0.00274658203125,1737571722.234
4,0.390472412109375,1737571722.234
5,0.34881591796875,1737571722.234
6,0.37445068359375,1737571722.234
8,0.022613525390625,1737571722.234
9,0.017913818359375,1737571722.234
10,0.017974853515625,1737571722.234
1,27.645917968750002,1737571722.234
3,-24.993933105468756,1737571722.234
7,2002.0,1737571722.234
11,241.97918701171875,1737571722.234
12,226.54495239257812,1737571722.234
13,351.7074279785156,1737571722.234
14,221.30584716796875,1737571722.234
16,-32.46001052856445,1737571722.234
17,-32.25718307495117,1737571722.234
2,0.010986328125,1737571722.3
15,0.010986328125,1737571722.3
4,0.395050048828125,1737571722.3
5,0.34698486328125,1737571722.3
6,0.376739501953125,1737571722.3
8,0.022705078125,1737571722.3
9,0.017608642578125,1737571722.3
10,0.0179443359375,1737571722.3
11,241.99667358398438,1737571722.3
12,226.54495239257812,1737571722.3
13,351.829833984375,1737571722.3
14,221.30584716796875,1737571722.3
1,27.618789062499996,1737571722.3
3,-24.957312011718756,1737571722.3
7,2002.0,1737571722.3
16,-32.46001052856445,1737571722.301
17,-32.230953216552734,1737571722.301
2,0.0531005859375,1737571723.1
15,0.0531005859375,1737571723.1
4,0.395050048828125,1737571723.1
5,0.34515380859375,1737571723.1
6,0.375823974609375,1737571723.1
8,0.0225830078125,1737571723.1
9,0.017913818359375,1737571723.1
10,0.017974853515625,1737571723.1
11,242.25897216796875,1737571723.1
12,226.54495239257812,1737571723.1
13,351.829833984375,1737571723.1
14,221.30584716796875,1737571723.1
1,27.62783203124999,1737571723.1
3,-25.007666015625006,1737571723.1
7,2002.0,1737571723.1
16,-32.46001052856445,1737571723.101
17,-32.237945556640625,1737571723.101
2,0.02044677734375,1737571723.167
15,0.02044677734375,1737571723.167
4,0.391845703125,1737571723.167
5,0.346527099609375,1737571723.167
6,0.37811279296875,1737571723.167
8,0.02252197265625,1737571723.167
9,0.0179443359375,1737571723.167
10,0.01800537109375,1737571723.167
11,241.8043212890625,1737571723.167
12,226.5380859375,1737571723.167
13,351.829833984375,1737571723.167
14,221.30584716796875,1737571723.167
1,27.618789062499996,1737571723.167
3,-24.984777832031256,1737571723.167
7,2002.0,1737571723.167
16,-32.46001052856445,1737571723.167
17,-32.218711853027344,1737571723.167
2,-0.17974853515625,1737571723.234
15,-0.17974853515625,1737571723.234
4,0.394134521484375,1737571723.234
5,0.347900390625,1737571723.234
6,0.378570556640625,1737571723.234
8,0.022613525390625,1737571723.234
9,0.01776123046875,1737571723.234
10,0.01788330078125,1737571723.234
11,242.24148559570312,1737571723.234
12,226.54495239257812,1737571723.234
13,351.829833984375,1737571723.234
14,221.30584716796875,1737571723.234
1,27.636875,1737571723.234
3,-24.925268554687506,1737571723.234
7,2002.0,1737571723.234
16,-32.46001052856445,1737571723.234
17,-32.24494171142578,1737571723.234
2,-0.15655517578125,1737571723.3
15,-0.15655517578125,1737571723.3
4,0.391845703125,1737571723.3
5,0.34423828125,1737571723.3
6,0.37994384765625,1737571723.3
8,0.022674560546875,1737571723.3
9,0.01788330078125,1737571723.3
10,0.01800537109375,1737571723.3
11,242.13656616210938,1737571723.3
12,226.5380859375,1737571723.3
13,351.829833984375,1737571723.3
14,221.30584716796875,1737571723.3
1,27.591660156250004,1737571723.3
3,-24.989355468750006,1737571723.3
7,2002.0,1737571723.3
16,-32.46001052856445,1737571723.301
17,-32.24494171142578,1737571723.301
2,-0.1202392578125,1737571724.1
15,-0.1202392578125,1737571724.1
4,0.39459228515625,1737571724.1
5,0.345611572265625,1737571724.1
6,0.37994384765625,1737571724.1
8,0.022552490234375,1737571724.1
9,0.017974853515625,1737571724.1
10,0.017578125,1737571724.1
11,241.68191528320312,1737571724.1
12,226.5380859375,1737571724.1
13,351.7074279785156,1737571724.1
14,221.30584716796875,1737571724.1
1,27.632353515624995,1737571724.1
3,-24.879492187500006,1737571724.1
7,2002.0,1737571724.1
16,-32.46001052856445,1737571724.101
17,-32.250186920166016,1737571724.101
2,-0.15655517578125,1737571724.167
15,-0.15655517578125,1737571724.167
4,0.39276123046875,1737571724.167
5,0.34881591796875,1737571724.167
6,0.380401611328125,1737571724.167
8,0.022705078125,1737571724.167
9,0.017669677734375,1737571724.167
10,0.017852783203125,1737571724.167
11,242.3638916015625,1737571724.167
12,226.54495239257812,1737571724.167
13,351.829833984375,1737571724.167
14,221.30584716796875,1737571724.167
1,27.591660156250004,1737571724.167
3,-24.984777832031256,1737571724.167
7,2002.0,1737571724.167
16,-32.46001052856445,1737571724.167
17,-32.2414436340332,1737571724.167
2,-0.15655517578125,1737571724.234
15,-0.15655517578125,1737571724.234
4,0.391387939453125,1737571724.234
5,0.345611572265625,1737571724.234
6,0.3790283203125,1737571724.234
8,0.022705078125,1737571724.234
9,0.01776123046875,1737571724.234
10,0.01788330078125,1737571724.234
11,242.24148559570312,1737571724.234
12,226.53121948242188,1737571724.234
13,351.829833984375,1737571724.234
14,221.30584716796875,1737571724.234
1,27.60522460937499,1737571724.234
3,-24.952734375000006,1737571724.234
7,2002.0,1737571724.234
16,-32.46001052856445,1737571724.234
17,-32.24668884277344,1737571724.234
2,-0.03753662109375,1737571724.3
15,-0.03753662109375,1737571724.3
4,0.3936767578125,1737571724.3
5,0.3460693359375,1737571724.3
6,0.377655029296875,1737571724.3
8,0.0225830078125,1737571724.3
9,0.017822265625,1737571724.3
10,0.017974853515625,1737571724.3
11,241.9442138671875,1737571724.3
12,226.52435302734375,1737571724.3
13,351.7773742675781,1737571724.3
14,221.30584716796875,1737571724.3
1,27.623310546875,1737571724.3
3,-24.975622558593756,1737571724.3
7,2002.0,1737571724.3
16,-32.46001052856445,1737571724.301
17,-32.25193405151367,1737571724.301
2,-0.013427734375,1737571725.1
15,-0.013427734375,1737571725.1
4,0.390472412109375,1737571725.1
5,0.34698486328125,1737571725.1
6,0.381317138671875,1737571725.1
8,0.022552490234375,1737571725.1
9,0.01776123046875,1737571725.1
10,0.01788330078125,1737571725.1
11,241.99667358398438,1737571725.1
12,226.52435302734375,1737571725.1
13,351.7074279785156,1737571725.1
14,221.30584716796875,1737571725.1
1,27.636875,1737571725.1
3,-24.939001464843756,1737571725.1
7,2002.0,1737571725.1
16,-32.46001052856445,1737571725.101
17,-32.21521759033203,1737571725.101
2,-0.00640869140625,1737571725.167
15,-0.00640869140625,1737571725.167
4,0.393218994140625,1737571725.167
5,0.3497314453125,1737571725.167
6,0.37445068359375,1737571725.167
8,0.022613525390625,1737571725.167
9,0.018096923828125,1737571725.167
10,0.017730712890625,1737571725.167
11,241.64694213867188,1737571725.167
12,226.52435302734375,1737571725.167
13,351.6374816894531,1737571725.167
14,221.30584716796875,1737571725.167
1,27.641396484374997,1737571725.167
3,-25.012243652343756,1737571725.167
7,2002.0,1737571725.167
16,-32.46001052856445,1737571725.167
17,-32.237945556640625,1737571725.167
2,0.00518798828125,1737571725.234
15,0.00518798828125,1737571725.234
4,0.3936767578125,1737571725.234
5,0.343780517578125,1737571725.234
6,0.378570556640625,1737571725.234
8,0.022613525390625,1737571725.234
9,0.01788330078125,1737571725.234
10,0.017913818359375,1737571725.234
11,241.83929443359375,1737571725.234
12,226.5380859375,1737571725.234
13,351.65496826171875,1737571725.234
14,221.30584716796875,1737571725.234
1,27.654960937499997,1737571725.234
3,-24.971044921875006,1737571725.234
7,2002.0,1737571725.234
16,-32.46001052856445,1737571725.234
17,-32.25893020629883,1737571725.234
2,0.0115966796875,1737571725.3
15,0.0115966796875,1737571725.3
4,0.39276123046875,1737571725.3
5,0.34881591796875,1737571725.3
6,0.374908447265625,1737571725.3
8,0.02252197265625,1737571725.3
9,0.017822265625,1737571725.3
10,0.01806640625,1737571725.3
11,242.04913330078125,1737571725.3
12,226.5380859375,1737571725.3
13,351.7074279785156,1737571725.3
14,221.30584716796875,1737571725.3
1,27.618789062499996,1737571725.3
3,-24.948156738281256,1737571725.3
7,2002.0,1737571725.3
16,-32.46001052856445,1737571725.301
17,-32.250186920166016,1737571725.301
2,-0.047607421875,1737571726.1
15,-0.047607421875,1737571726.1
4,0.394134521484375,1737571726.1
5,0.34515380859375,1737571726.1
6,0.37994384765625,1737571726.1
8,0.02252197265625,1737571726.1
9,0.0179443359375,1737571726.1
10,0.017730712890625,1737571726.1
11,241.78683471679688,1737571726.1
12,226.5380859375,1737571726.1
13,351.6374816894531,1737571726.1
14,221.30584716796875,1737571726.1
1,27.632353515624995,1737571726.1
3,-24.984777832031256,1737571726.1
7,2002.0,1737571726.1
16,-32.46001052856445,1737571726.101
17,-32.262428283691406,1737571726.101
2,-0.0042724609375,1737571726.167
15,-0.0042724609375,1737571726.167
4,0.392303466796875,1737571726.167
5,0.34698486328125,1737571726.167
6,0.3790283203125,1737571726.167
8,0.022613525390625,1737571726.167
9,0.017822265625,1737571726.167
10,0.0184326171875,1737571726.167
11,242.20651245117188,1737571726.167
12,226.54495239257812,1737571726.167
13,351.7598876953125,1737571726.167
14,221.30584716796875,1737571726.167
1,27.645917968750002,1737571726.167
3,-24.641455078125006,1737571726.167
7,2002.0,1737571726.167
16,-32.46001052856445,1737571726.167
17,-32.230953216552734,1737571726.167
2,0.01556396484375,1737571726.234
15,0.01556396484375,1737571726.234
4,0.391845703125,1737571726.234
5,0.340576171875,1737571726.234
6,0.383148193359375,1737571726.234
8,0.022613525390625,1737571726.234
9,0.01776123046875,1737571726.234
10,0.018035888671875,1737571726.234
11,242.04913330078125,1737571726.234
12,226.5380859375,1737571726.234
13,351.7598876953125,1737571726.234
14,221.30584716796875,1737571726.234
1,27.569052734375003,1737571726.234
3,-24.966467285156256,1737571726.234
7,2002.0,1737571726.234
16,-32.46001052856445,1737571726.234
17,-32.237945556640625,1737571726.234
2,-0.15655517578125,1737571726.3
15,-0.15655517578125,1737571726.3
4,0.3936767578125,1737571726.3
5,0.345611572265625,1737571726.3
6,0.380859375,1737571726.3
8,0.022705078125,1737571726.3
9,0.018035888671875,1737571726.3
10,0.018035888671875,1737571726.3
11,241.90924072265625,1737571726.3
12,226.5380859375,1737571726.3
13,351.7074279785156,1737571726.3
14,221.30584716796875,1737571726.3
1,27.704697265625004,1737571726.3
3,-24.984777832031256,1737571726.3
7,2002.0,1737571726.3
16,-32.46001052856445,1737571726.301
17,-32.2414436340332,1737571726.301
2,-0.15655517578125,1737571727.1
15,-0.15655517578125,1737571727.1
4,0.3936767578125,1737571727.1
5,0.34698486328125,1737571727.1
6,0.379486083984375,1737571727.1
8,0.0225830078125,1737571727.1
9,0.0177001953125,1737571727.1
10,0.017974853515625,1737571727.1
11,242.3638916015625,1737571727.1
12,226.5380859375,1737571727.1
13,351.829833984375,1737571727.1
14,221.30584716796875,1737571727.1
1,27.591660156250004,1737571727.1
3,-24.952734375000006,1737571727.1
7,2002.0,1737571727.1
16,-32.46001052856445,1737571727.101
17,-32.237945556640625,1737571727.101
2,-0.0103759765625,1737571727.167
15,-0.0103759765625,1737571727.167
4,0.379486083984375,1737571727.167
5,0.3460693359375,1737571727.167
6,0.37628173828125,1737571727.167
8,0.022705078125,1737571727.167
9,0.017913818359375,1737571727.167
10,0.0179443359375,1737571727.167
11,242.04913330078125,1737571727.167
12,226.52435302734375,1737571727.167
13,351.7598876953125,1737571727.167
14,221.30584716796875,1737571727.167
1,27.632353515624995,1737571727.167
3,-24.971044921875006,1737571727.167
7,2002.0,1737571727.167
16,-32.46001052856445,1737571727.167
17,-32.243194580078125,1737571727.167
2,0.02288818359375,1737571727.234
15,0.02288818359375,1737571727.234
4,0.391845703125,1737571727.234
5,0.3460693359375,1737571727.234
6,0.379486083984375,1737571727.234
8,0.022674560546875,1737571727.234
9,0.0177001953125,1737571727.234
10,0.01800537109375,1737571727.234
11,241.734375,1737571727.234
12,226.52435302734375,1737571727.234
13,351.8997802734375,1737571727.234
14,221.30584716796875,1737571727.234
1,27.62783203124999,1737571727.234
3,-24.971044921875006,1737571727.234
7,2002.0,1737571727.234
16,-32.46001052856445,1737571727.234
17,-32.25193405151367,1737571727.234
2,0.0042724609375,1737571727.3
15,0.0042724609375,1737571727.3
4,0.396881103515625,1737571727.3
5,0.345611572265625,1737571727.3
6,0.379486083984375,1737571727.3
8,0.0223388671875,1737571727.3
9,0.01776123046875,1737571727.3
10,0.017974853515625,1737571727.3
11,242.154052734375,1737571727.3
12,226.53121948242188,1737571727.3
13,351.7598876953125,1737571727.3
14,221.30584716796875,1737571727.3
1,27.641396484374997,1737571727.3
3,-25.003088378906256,1737571727.3
7,2002.0,1737571727.3
16,-32.46001052856445,1737571727.301
17,-32.243194580078125,1737571727.301
2,-0.00457763671875,1737571728.1
15,-0.00457763671875,1737571728.1
4,0.3955078125,1737571728.1
5,0.347442626953125,1737571728.1
6,0.3790283203125,1737571728.1
8,0.0225830078125,1737571728.1
9,0.017791748046875,1737571728.1
10,0.0179443359375,1737571728.1
11,241.90924072265625,1737571728.1
12,226.53121948242188,1737571728.1
13,351.7598876953125,1737571728.1
14,221.30584716796875,1737571728.1
1,27.60522460937499,1737571728.1
3,-24.989355468750006,1737571728.1
7,2002.0,1737571728.1
16,-32.46001052856445,1737571728.101
17,-32.27816390991211,1737571728.101
2,0.00396728515625,1737571728.167
15,0.00396728515625,1737571728.167
4,0.391387939453125,1737571728.167
5,0.345611572265625,1737571728.167
6,0.37994384765625,1737571728.167
8,0.02252197265625,1737571728.167
9,0.018035888671875,1737571728.167
10,0.017852783203125,1737571728.167
11,241.48956298828125,1737571728.167
12,226.53121948242188,1737571728.167
13,351.6374816894531,1737571728.167
14,221.30584716796875,1737571728.167
1,27.600703125,1737571728.167
3,-24.957312011718756,1737571728.167
7,2002.0,1737571728.167
16,-32.46001052856445,1737571728.167
17,-32.237945556640625,1737571728.167
2,-0.00640869140625,1737571728.234
15,-0.00640869140625,1737571728.234
4,0.393218994140625,1737571728.234
5,0.343780517578125,1737571728.234
6,0.3790283203125,1737571728.234
8,0.022674560546875,1737571728.234
9,0.0179443359375,1737571728.234
10,0.01776123046875,1737571728.234
11,242.04913330078125,1737571728.234
12,226.54495239257812,1737571728.234
13,351.7598876953125,1737571728.234
14,221.30584716796875,1737571728.234
1,27.60522460937499,1737571728.234
3,-25.058020019531256,1737571728.234
7,2002.0,1737571728.234
16,-32.46001052856445,1737571728.234
17,-32.218711853027344,1737571728.234
2,-0.0030517578125,1737571728.3
15,-0.0030517578125,1737571728.3
4,0.39459228515625,1737571728.3
5,0.344696044921875,1737571728.3
6,0.377197265625,1737571728.3
8,0.022491455078125,1737571728.3
9,0.017822265625,1737571728.3
10,0.017913818359375,1737571728.3
11,242.13656616210938,1737571728.3
12,226.54495239257812,1737571728.3
13,351.7074279785156,1737571728.3
14,221.30584716796875,1737571728.3
1,27.641396484374997,1737571728.3
3,-25.016821289062506,1737571728.3
7,2002.0,1737571728.3
16,-32.46001052856445,1737571728.301
17,-32.262428283691406,1737571728.301
2,-0.009765625,1737571729.1
15,-0.009765625,1737571729.1
4,0.391845703125,1737571729.1
5,0.345611572265625,1737571729.1
6,0.37811279296875,1737571729.1
8,0.02264404296875,1737571729.1
9,0.017913818359375,1737571729.1
10,0.01776123046875,1737571729.1
11,242.154052734375,1737571729.1
12,226.54495239257812,1737571729.1
13,351.829833984375,1737571729.1
14,221.30584716796875,1737571729.1
1,27.60522460937499,1737571729.1
3,-24.971044921875006,1737571729.1
7,2002.0,1737571729.1
16,-32.46001052856445,1737571729.101
17,-32.25543212890625,1737571729.101
2,0.01800537109375,1737571729.167
15,0.01800537109375,1737571729.167
4,0.3936767578125,1737571729.167
5,0.34515380859375,1737571729.167
6,0.378570556640625,1737571729.167
8,0.02252197265625,1737571729.167
9,0.017852783203125,1737571729.167
10,0.017852783203125,1737571729.167
11,241.8043212890625,1737571729.167
12,226.54495239257812,1737571729.167
13,351.7074279785156,1737571729.167
14,221.30584716796875,1737571729.167
1,27.600703125,1737571729.167
3,-24.980200195312506,1737571729.167
7,2002.0,1737571729.167
16,-32.46001052856445,1737571729.168
17,-32.27641677856445,1737571729.168
2,-0.0030517578125,1737571729.234
15,-0.0030517578125,1737571729.234
4,0.394134521484375,1737571729.234
5,0.34515380859375,1737571729.234
6,0.3790283203125,1737571729.234
8,0.022552490234375,1737571729.234
9,0.01776123046875,1737571729.234
10,0.018280029296875,1737571729.234
11,242.20651245117188,1737571729.234
12,226.55181884765625,1737571729.234
13,351.7074279785156,1737571729.234
14,221.30584716796875,1737571729.234
1,27.478623046875004,1737571729.234
3,-24.971044921875006,1737571729.234
7,2002.0,1737571729.234
16,-32.46001052856445,1737571729.234
17,-32.24843978881836,1737571729.234
2,0.00213623046875,1737571729.3
15,0.00213623046875,1737571729.3
4,0.394134521484375,1737571729.3
5,0.34698486328125,1737571729.3
6,0.3790283203125,1737571729.3
8,0.022613525390625,1737571729.3
9,0.01788330078125,1737571729.3
10,0.01812744140625,1737571729.3
11,242.13656616210938,1737571729.3
12,226.54495239257812,1737571729.3
13,351.8822937011719,1737571729.3
14,221.30584716796875,1737571729.3
1,27.636875,1737571729.3
3,-25.016821289062506,1737571729.3
7,2002.0,1737571729.3
16,-32.46001052856445,1737571729.301
17,-32.24668884277344,1737571729.301
2,-0.15655517578125,1737571730.1
15,-0.15655517578125,1737571730.1
4,0.39276123046875,1737571730.1
5,0.345611572265625,1737571730.1
6,0.3717041015625,1737571730.1
8,0.022552490234375,1737571730.1
9,0.017791748046875,1737571730.1
10,0.017913818359375,1737571730.1
11,242.20651245117188,1737571730.1
12,226.54495239257812,1737571730.1
13,351.6374816894531,1737571730.1
14,221.30584716796875,1737571730.1
1,27.609746093749994,1737571730.1
3,-24.984777832031256,1737571730.1
7,2002.0,1737571730.1
16,-32.46001052856445,1737571730.101
17,-32.272918701171875,1737571730.101
2,0.0848388671875,1737571730.167
15,0.0848388671875,1737571730.167
4,0.395050048828125,1737571730.167
5,0.34698486328125,1737571730.167
6,0.377655029296875,1737571730.167
8,0.022705078125,1737571730.167
9,0.01776123046875,1737571730.167
10,0.01751708984375,1737571730.167
11,241.9442138671875,1737571730.167
12,226.5380859375,1737571730.167
13,351.829833984375,1737571730.167
14,221.30584716796875,1737571730.167
1,27.609746093749994,1737571730.167
3,-24.966467285156256,1737571730.167
7,2002.0,1737571730.167
16,-32.46001052856445,1737571730.168
17,-32.25893020629883,1737571730.168
2,0.05279541015625,1737571730.234
15,0.05279541015625,1737571730.234
4,0.394134521484375,1737571730.234
5,0.3424072265625,1737571730.234
6,0.38818359375,1737571730.234
8,0.022613525390625,1737571730.234
9,0.017791748046875,1737571730.234
10,0.01800537109375,1737571730.234
11,241.99667358398438,1737571730.234
12,226.5380859375,1737571730.234
13,351.7598876953125,1737571730.234
14,221.30584716796875,1737571730.234
1,27.62783203124999,1737571730.234
3,-24.980200195312506,1737571730.234
7,2002.0,1737571730.234
16,-32.46001052856445,1737571730.234
17,-32.237945556640625,1737571730.234
2,-0.15655517578125,1737571730.3
15,-0.15655517578125,1737571730.3
4,0.391387939453125,1737571730.3
5,0.34515380859375,1737571730.3
6,0.37994384765625,1737571730.3
8,0.022735595703125,1737571730.3
9,0.017852783203125,1737571730.3
10,0.018035888671875,1737571730.3
11,242.2939453125,1737571730.3
12,226.5380859375,1737571730.3
13,351.7598876953125,1737571730.3
14,221.30584716796875,1737571730.3
1,27.591660156250004,1737571730.3
3,-24.925268554687506,1737571730.3
7,2002.0,1737571730.3
16,-32.46001052856445,1737571730.301
17,-32.25718307495117,1737571730.301
